s_axis_tready,m_axis_tdata,m_axis_tkeep,m_axis_tvalid,m_axis_tlast,m_axis_tid,m_axis_tdest,m_axis_tuser,status_overflow,status_bad_frame,status_good_frame
1,0,1,0,0,0,0,0,0,0,0
1,0,1,0,0,0,0,0,0,0,0
1,0,1,0,0,0,0,0,0,0,1
1,0,1,0,0,0,0,0,0,0,1
1,1,1,1,0,1,0,0,0,0,1
1,1,1,1,0,1,0,0,0,0,1
1,1,1,1,0,1,0,0,0,0,0
1,1,1,1,0,1,0,0,0,0,0
1,1,1,1,0,1,0,0,0,0,0
1,1,1,1,1,1,0,0,0,0,0
1,2,1,1,1,1,0,0,0,0,0
1,3,1,1,1,1,0,0,1,0,0
1,3,1,0,1,1,0,0,0,0,0
1,3,1,0,1,1,0,0,0,0,0
1,3,1,0,1,1,0,0,0,0,0
1,3,1,0,1,1,0,0,0,0,0
